Title,Lot,Year,cc,Fuel,Mileage,Reg,CO2,Colour,MOT,Type,Gearbox,Former Keepers,Descriptions,Images,Buy_it_now,Check_link
2010 CITROEN C3 EXCLUSIVE HDI,5,2010,1560cc,Diesel,93k miles,LM10HYF,113,Blue,Sep 25,5dr,Manual,4,"['Last registered keeper since December 2018. Five service stamps. and two service invoices with the last dated January 2024 at 85,983 miles. Cambelt and water pump replaced February 2021 at 62,719 miles']",,,
2007 LAND ROVER RANGE ROVER SPORT,6,2007,3630cc,Diesel,155k miles,MH07JNL,294,Black,May 25,Light 4X4 Utility,,4,"['Company owned and entered. Declared manufactured 2007', 'One key (untested). Smokes and judders when revved. Engine system fault displays on the dash. Suspension works when tested but very slowly.']","/images/lots/2689/9330~1/0007_KTdCzX_lg.jpeg, /images/lots/2689/9330~1/0008_mOWHEl_lg.jpeg, /images/lots/2689/9330~1/0009_CyOidU_lg.jpeg, /images/lots/2689/9330~1/0010_LNvclm_lg.jpeg, /images/lots/2689/9330~1/0011_NOdbFe_lg.jpeg, /images/lots/2689/9330~1/0012_vqzSWt_lg.jpeg, /images/lots/2689/9330~1/0013_uitKDP_lg.jpeg, /images/lots/2689/9330~1/0014_XuiIOI_lg.jpeg, /images/lots/2689/9330~1/0015_CzZDHa_lg.jpeg, /images/lots/2689/9330~1/0016_bbArHR_lg.jpeg, /images/lots/2689/9330~1/0017_jKBDuv_lg.jpeg, /images/lots/2689/9330~1/0018_TWTsMw_lg.jpeg, /images/lots/2689/9330~1/0019_DglZIs_lg.jpeg, /images/lots/2689/9330~1/0020_KlbSTr_lg.jpeg, /images/lots/2689/9330~1/0021_hPfJIR_lg.jpeg, /images/lots/2689/9330~1/0022_pxgXbM_lg.jpeg, /images/lots/2689/9330~1/0023_nMPROm_lg.jpeg, /images/lots/2689/9330~1/0024_CNPQvu_lg.jpeg, /images/lots/2689/9330~1/0025_ibieOi_lg.jpeg, /images/lots/2689/9330~1/0026_GRaKxQ_lg.jpeg, /images/lots/2689/9330~1/0027_mqMtYx_lg.jpeg, /images/lots/2689/9330~1/0028_CXSrpq_lg.jpeg, /images/lots/2689/9330~1/0029_FVZFdl_lg.jpeg, /images/lots/2689/9330~1/0030_NqBEmi_lg.jpeg",£1100,https://angliacarauctions.co.uk/checksheet/e6a7969c-03c3-4d2e-a5e7-7ff301794410
2009 HONDA FR-V ES I-CTDI,7,2009,2204cc,Diesel,,RV09ZKK,167,Silver,Jul 25,MPV,Manual,,['No reverse gear.'],,,
2015 FORD FOCUS TITANIUM,8,2015,999cc,Petrol,146k miles,EJ15CAA,108,White,Feb 25,"5, Hatchback",Manual,2,['V5 to be applied for. Three registered keepers from new'],"/images/lots/2689/9384~1/0007_ilgzhd_lg.jpeg, /images/lots/2689/9384~1/0008_VGyhiz_lg.jpeg, /images/lots/2689/9384~1/0009_hZeEza_lg.jpeg, /images/lots/2689/9384~1/0010_XwXBUW_lg.jpeg, /images/lots/2689/9384~1/0011_odmRDw_lg.jpeg, /images/lots/2689/9384~1/0012_NrzjtJ_lg.jpeg, /images/lots/2689/9384~1/0013_ylWeUE_lg.jpeg, /images/lots/2689/9384~1/0014_FZgYqc_lg.jpeg, /images/lots/2689/9384~1/0015_kHAfsg_lg.jpeg, /images/lots/2689/9384~1/0016_MfpvVk_lg.jpeg, /images/lots/2689/9384~1/0017_dsvelB_lg.jpeg, /images/lots/2689/9384~1/0018_oYvyKL_lg.jpeg, /images/lots/2689/9384~1/0019_weaRYD_lg.jpeg, /images/lots/2689/9384~1/0020_VXhxqs_lg.jpeg, /images/lots/2689/9384~1/0021_tMaaHW_lg.jpeg, /images/lots/2689/9384~1/0022_nJmpfq_lg.jpeg, /images/lots/2689/9384~1/0023_wGSQkS_lg.jpeg, /images/lots/2689/9384~1/0024_jsPKGN_lg.jpeg, /images/lots/2689/9384~1/0025_GaUJlJ_lg.jpeg, /images/lots/2689/9384~1/0026_bzuSYk_lg.jpeg, /images/lots/2689/9384~1/0027_SHQuoP_lg.jpeg, /images/lots/2689/9384~1/0028_JHUKpR_lg.jpeg, /images/lots/2689/9384~1/0029_HryKDu_lg.jpeg, /images/lots/2689/9384~1/0030_bRrTXs_lg.jpeg",,
2016 RENAULT TRAFIC SL27 B-NESS ENERGY,9,2016,1598cc,Diesel,147k miles,AY66UKR,155,White,Feb 26,Panel Van,Manual,1,"['Two registered keepers with the last registered October 2022', 'Two keys (untested). Whistle and smokes when revved. Knocking in idle. Check injection system displays on the dash.']","/images/lots/2689/9326~1/0007_BTLkEy_lg.jpeg, /images/lots/2689/9326~1/0008_qlBmfy_lg.jpeg, /images/lots/2689/9326~1/0009_FEKBkv_lg.jpeg, /images/lots/2689/9326~1/0010_TAsfbg_lg.jpeg, /images/lots/2689/9326~1/0011_bSnzyE_lg.jpeg, /images/lots/2689/9326~1/0012_sGtQop_lg.jpeg, /images/lots/2689/9326~1/0013_mGHOUi_lg.jpeg, /images/lots/2689/9326~1/0014_DNAfEo_lg.jpeg, /images/lots/2689/9326~1/0015_bXaEEr_lg.jpeg, /images/lots/2689/9326~1/0016_fTlsgD_lg.jpeg, /images/lots/2689/9326~1/0017_lnAaES_lg.jpeg, /images/lots/2689/9326~1/0018_WvMWtS_lg.jpeg, /images/lots/2689/9326~1/0019_gyJmwI_lg.jpeg, /images/lots/2689/9326~1/0020_nflANE_lg.jpeg, /images/lots/2689/9326~1/0021_kovkGi_lg.jpeg, /images/lots/2689/9326~1/0022_iNEMHC_lg.jpeg, /images/lots/2689/9326~1/0023_AGODxi_lg.jpeg, /images/lots/2689/9326~1/0024_CDvuxV_lg.jpeg, /images/lots/2689/9326~1/0025_lJCspB_lg.jpeg, /images/lots/2689/9326~1/0026_YJOBFV_lg.jpeg, /images/lots/2689/9326~1/0027_qNQjPw_lg.jpeg, /images/lots/2689/9326~1/0028_hGCBip_lg.jpeg",£4000,https://angliacarauctions.co.uk/checksheet/bc69155f-1764-4f11-95e1-6d3ece9b4969
2012 VAUXHALL ZAFIRA EXCITE CDTI ECOFLE,10D,2012,1686cc,Diesel,121k miles,AO12DCX,134,Black,Jan 26,MPV,Manual,4,"['2 keys (not tested), whistle/whine when revved, judders in idle']","/images/lots/2689/9353~2/0007_ySSLcz_lg.jpeg, /images/lots/2689/9353~2/0008_JdWgIm_lg.jpeg, /images/lots/2689/9353~2/0009_NKhjJj_lg.jpeg, /images/lots/2689/9353~2/0010_yUIzKK_lg.jpeg, /images/lots/2689/9353~2/0011_Teqeyf_lg.jpeg, /images/lots/2689/9353~2/0012_PRBGSF_lg.jpeg, /images/lots/2689/9353~2/0013_rMqvxP_lg.jpeg, /images/lots/2689/9353~2/0014_aNLumJ_lg.jpeg, /images/lots/2689/9353~2/0015_QWXDJd_lg.jpeg, /images/lots/2689/9353~2/0016_lwkMMr_lg.jpeg, /images/lots/2689/9353~2/0017_odRgYZ_lg.jpeg, /images/lots/2689/9353~2/0018_YtXTNc_lg.jpeg, /images/lots/2689/9353~2/0019_HAINwi_lg.jpeg, /images/lots/2689/9353~2/0020_MKXNhc_lg.jpeg, /images/lots/2689/9353~2/0021_CSRBBN_lg.jpeg, /images/lots/2689/9353~2/0022_Qdeydh_lg.jpeg, /images/lots/2689/9353~2/0023_WGqzpv_lg.jpeg, /images/lots/2689/9353~2/0024_DRUFlY_lg.jpeg, /images/lots/2689/9353~2/0025_MYOrJf_lg.jpeg, /images/lots/2689/9353~2/0026_eFTwcZ_lg.jpeg, /images/lots/2689/9353~2/0027_vBAqrj_lg.jpeg, /images/lots/2689/9353~2/0028_AmBjvs_lg.jpeg, /images/lots/2689/9353~2/0029_RDklIu_lg.jpeg, /images/lots/2689/9353~2/0030_zWEqXN_lg.jpeg",£1000,https://angliacarauctions.co.uk/checksheet/7e2e4c43-24c5-4994-b12a-67cbe0b8efe9
2010 CITROEN C3 EXCLUSIVE HDI,5,2010,1560cc,Diesel,93k miles,LM10HYF,113,Blue,Sep 25,5dr,Manual,4,"['Last registered keeper since December 2018. Five service stamps. and two service invoices with the last dated January 2024 at 85,983 miles. Cambelt and water pump replaced February 2021 at 62,719 miles']",,,
2007 LAND ROVER RANGE ROVER SPORT,6,2007,3630cc,Diesel,155k miles,MH07JNL,294,Black,May 25,Light 4X4 Utility,,4,"['Company owned and entered. Declared manufactured 2007', 'One key (untested). Smokes and judders when revved. Engine system fault displays on the dash. Suspension works when tested but very slowly.']","/images/lots/2689/9330~1/0007_KTdCzX_lg.jpeg, /images/lots/2689/9330~1/0008_mOWHEl_lg.jpeg, /images/lots/2689/9330~1/0009_CyOidU_lg.jpeg, /images/lots/2689/9330~1/0010_LNvclm_lg.jpeg, /images/lots/2689/9330~1/0011_NOdbFe_lg.jpeg, /images/lots/2689/9330~1/0012_vqzSWt_lg.jpeg, /images/lots/2689/9330~1/0013_uitKDP_lg.jpeg, /images/lots/2689/9330~1/0014_XuiIOI_lg.jpeg, /images/lots/2689/9330~1/0015_CzZDHa_lg.jpeg, /images/lots/2689/9330~1/0016_bbArHR_lg.jpeg, /images/lots/2689/9330~1/0017_jKBDuv_lg.jpeg, /images/lots/2689/9330~1/0018_TWTsMw_lg.jpeg, /images/lots/2689/9330~1/0019_DglZIs_lg.jpeg, /images/lots/2689/9330~1/0020_KlbSTr_lg.jpeg, /images/lots/2689/9330~1/0021_hPfJIR_lg.jpeg, /images/lots/2689/9330~1/0022_pxgXbM_lg.jpeg, /images/lots/2689/9330~1/0023_nMPROm_lg.jpeg, /images/lots/2689/9330~1/0024_CNPQvu_lg.jpeg, /images/lots/2689/9330~1/0025_ibieOi_lg.jpeg, /images/lots/2689/9330~1/0026_GRaKxQ_lg.jpeg, /images/lots/2689/9330~1/0027_mqMtYx_lg.jpeg, /images/lots/2689/9330~1/0028_CXSrpq_lg.jpeg, /images/lots/2689/9330~1/0029_FVZFdl_lg.jpeg, /images/lots/2689/9330~1/0030_NqBEmi_lg.jpeg",£1100,https://angliacarauctions.co.uk/checksheet/e6a7969c-03c3-4d2e-a5e7-7ff301794410
2009 HONDA FR-V ES I-CTDI,7,2009,2204cc,Diesel,,RV09ZKK,167,Silver,Jul 25,MPV,Manual,,['No reverse gear.'],,,
2015 FORD FOCUS TITANIUM,8,2015,999cc,Petrol,146k miles,EJ15CAA,108,White,Feb 25,"5, Hatchback",Manual,2,['V5 to be applied for. Three registered keepers from new'],"/images/lots/2689/9384~1/0007_ilgzhd_lg.jpeg, /images/lots/2689/9384~1/0008_VGyhiz_lg.jpeg, /images/lots/2689/9384~1/0009_hZeEza_lg.jpeg, /images/lots/2689/9384~1/0010_XwXBUW_lg.jpeg, /images/lots/2689/9384~1/0011_odmRDw_lg.jpeg, /images/lots/2689/9384~1/0012_NrzjtJ_lg.jpeg, /images/lots/2689/9384~1/0013_ylWeUE_lg.jpeg, /images/lots/2689/9384~1/0014_FZgYqc_lg.jpeg, /images/lots/2689/9384~1/0015_kHAfsg_lg.jpeg, /images/lots/2689/9384~1/0016_MfpvVk_lg.jpeg, /images/lots/2689/9384~1/0017_dsvelB_lg.jpeg, /images/lots/2689/9384~1/0018_oYvyKL_lg.jpeg, /images/lots/2689/9384~1/0019_weaRYD_lg.jpeg, /images/lots/2689/9384~1/0020_VXhxqs_lg.jpeg, /images/lots/2689/9384~1/0021_tMaaHW_lg.jpeg, /images/lots/2689/9384~1/0022_nJmpfq_lg.jpeg, /images/lots/2689/9384~1/0023_wGSQkS_lg.jpeg, /images/lots/2689/9384~1/0024_jsPKGN_lg.jpeg, /images/lots/2689/9384~1/0025_GaUJlJ_lg.jpeg, /images/lots/2689/9384~1/0026_bzuSYk_lg.jpeg, /images/lots/2689/9384~1/0027_SHQuoP_lg.jpeg, /images/lots/2689/9384~1/0028_JHUKpR_lg.jpeg, /images/lots/2689/9384~1/0029_HryKDu_lg.jpeg, /images/lots/2689/9384~1/0030_bRrTXs_lg.jpeg",,
2016 RENAULT TRAFIC SL27 B-NESS ENERGY,9,2016,1598cc,Diesel,147k miles,AY66UKR,155,White,Feb 26,Panel Van,Manual,1,"['Two registered keepers with the last registered October 2022', 'Two keys (untested). Whistle and smokes when revved. Knocking in idle. Check injection system displays on the dash.']","/images/lots/2689/9326~1/0007_BTLkEy_lg.jpeg, /images/lots/2689/9326~1/0008_qlBmfy_lg.jpeg, /images/lots/2689/9326~1/0009_FEKBkv_lg.jpeg, /images/lots/2689/9326~1/0010_TAsfbg_lg.jpeg, /images/lots/2689/9326~1/0011_bSnzyE_lg.jpeg, /images/lots/2689/9326~1/0012_sGtQop_lg.jpeg, /images/lots/2689/9326~1/0013_mGHOUi_lg.jpeg, /images/lots/2689/9326~1/0014_DNAfEo_lg.jpeg, /images/lots/2689/9326~1/0015_bXaEEr_lg.jpeg, /images/lots/2689/9326~1/0016_fTlsgD_lg.jpeg, /images/lots/2689/9326~1/0017_lnAaES_lg.jpeg, /images/lots/2689/9326~1/0018_WvMWtS_lg.jpeg, /images/lots/2689/9326~1/0019_gyJmwI_lg.jpeg, /images/lots/2689/9326~1/0020_nflANE_lg.jpeg, /images/lots/2689/9326~1/0021_kovkGi_lg.jpeg, /images/lots/2689/9326~1/0022_iNEMHC_lg.jpeg, /images/lots/2689/9326~1/0023_AGODxi_lg.jpeg, /images/lots/2689/9326~1/0024_CDvuxV_lg.jpeg, /images/lots/2689/9326~1/0025_lJCspB_lg.jpeg, /images/lots/2689/9326~1/0026_YJOBFV_lg.jpeg, /images/lots/2689/9326~1/0027_qNQjPw_lg.jpeg, /images/lots/2689/9326~1/0028_hGCBip_lg.jpeg",£4000,https://angliacarauctions.co.uk/checksheet/bc69155f-1764-4f11-95e1-6d3ece9b4969
2012 VAUXHALL ZAFIRA EXCITE CDTI ECOFLE,10D,2012,1686cc,Diesel,121k miles,AO12DCX,134,Black,Jan 26,MPV,Manual,4,"['2 keys (not tested), whistle/whine when revved, judders in idle']","/images/lots/2689/9353~2/0007_ySSLcz_lg.jpeg, /images/lots/2689/9353~2/0008_JdWgIm_lg.jpeg, /images/lots/2689/9353~2/0009_NKhjJj_lg.jpeg, /images/lots/2689/9353~2/0010_yUIzKK_lg.jpeg, /images/lots/2689/9353~2/0011_Teqeyf_lg.jpeg, /images/lots/2689/9353~2/0012_PRBGSF_lg.jpeg, /images/lots/2689/9353~2/0013_rMqvxP_lg.jpeg, /images/lots/2689/9353~2/0014_aNLumJ_lg.jpeg, /images/lots/2689/9353~2/0015_QWXDJd_lg.jpeg, /images/lots/2689/9353~2/0016_lwkMMr_lg.jpeg, /images/lots/2689/9353~2/0017_odRgYZ_lg.jpeg, /images/lots/2689/9353~2/0018_YtXTNc_lg.jpeg, /images/lots/2689/9353~2/0019_HAINwi_lg.jpeg, /images/lots/2689/9353~2/0020_MKXNhc_lg.jpeg, /images/lots/2689/9353~2/0021_CSRBBN_lg.jpeg, /images/lots/2689/9353~2/0022_Qdeydh_lg.jpeg, /images/lots/2689/9353~2/0023_WGqzpv_lg.jpeg, /images/lots/2689/9353~2/0024_DRUFlY_lg.jpeg, /images/lots/2689/9353~2/0025_MYOrJf_lg.jpeg, /images/lots/2689/9353~2/0026_eFTwcZ_lg.jpeg, /images/lots/2689/9353~2/0027_vBAqrj_lg.jpeg, /images/lots/2689/9353~2/0028_AmBjvs_lg.jpeg, /images/lots/2689/9353~2/0029_RDklIu_lg.jpeg, /images/lots/2689/9353~2/0030_zWEqXN_lg.jpeg",£1000,https://angliacarauctions.co.uk/checksheet/7e2e4c43-24c5-4994-b12a-67cbe0b8efe9
2014 AUDI A4 S LINE TDI CVT,11,2014,1968cc,Diesel,,GM14DTF,127,Blue,Jan 26,4dr,Auto,,"['Seven service records with the last dated November 2024 at 132,109 miles. Timing belt kit replaced August 2023']","/images/lots/2689/9382~1/0007_qyAwrm_lg.jpeg, /images/lots/2689/9382~1/0008_izBMeN_lg.jpeg, /images/lots/2689/9382~1/0009_DOlrkQ_lg.jpeg, /images/lots/2689/9382~1/0010_dVylDb_lg.jpeg, /images/lots/2689/9382~1/0011_XJxDVB_lg.jpeg, /images/lots/2689/9382~1/0012_mNHizQ_lg.jpeg, /images/lots/2689/9382~1/0013_ShsfOu_lg.jpeg, /images/lots/2689/9382~1/0014_jeZreI_lg.jpeg, /images/lots/2689/9382~1/0015_fbtMId_lg.jpeg, /images/lots/2689/9382~1/0016_iCEaeZ_lg.jpeg, /images/lots/2689/9382~1/0017_jWNqwR_lg.jpeg, /images/lots/2689/9382~1/0018_HoDjec_lg.jpeg, /images/lots/2689/9382~1/0019_LLejYU_lg.jpeg, /images/lots/2689/9382~1/0020_WJfFWp_lg.jpeg, /images/lots/2689/9382~1/0021_iEpiFT_lg.jpeg, /images/lots/2689/9382~1/0022_YsHvaa_lg.jpeg, /images/lots/2689/9382~1/0023_dCSXfR_lg.jpeg, /images/lots/2689/9382~1/0024_GWzhhn_lg.jpeg, /images/lots/2689/9382~1/0025_uhVGMG_lg.jpeg, /images/lots/2689/9382~1/0026_JeYCPc_lg.jpeg, /images/lots/2689/9382~1/0027_xWyDWU_lg.jpeg, /images/lots/2689/9382~1/0028_qAyvLW_lg.jpeg, /images/lots/2689/9382~1/0029_IMLJot_lg.jpeg",,
2016 MERCEDES-BENZ SPRINTER 313 CDI,17,2016,2143cc,Diesel,98k miles,KX16LKC,194,White,Feb 26,Luton Van,Manual,2,"['NO VAT. Three registered keepers. Tail lIft (not tested)', 'One key (untested). Rattle when revved.']","/images/lots/2689/9345~1/0007_qTrNQF_lg.jpeg, /images/lots/2689/9345~1/0008_yXvqzM_lg.jpeg, /images/lots/2689/9345~1/0009_pZTHhN_lg.jpeg, /images/lots/2689/9345~1/0010_fMGvII_lg.jpeg, /images/lots/2689/9345~1/0011_Wbrnxg_lg.jpeg, /images/lots/2689/9345~1/0012_dqUEfO_lg.jpeg, /images/lots/2689/9345~1/0013_KSsDZa_lg.jpeg, /images/lots/2689/9345~1/0014_OrCYsf_lg.jpeg, /images/lots/2689/9345~1/0015_KOCZKa_lg.jpeg, /images/lots/2689/9345~1/0016_QyrgxO_lg.jpeg, /images/lots/2689/9345~1/0017_sFvvhg_lg.jpeg, /images/lots/2689/9345~1/0018_zgannB_lg.jpeg, /images/lots/2689/9345~1/0019_YlGgtb_lg.jpeg, /images/lots/2689/9345~1/0020_USJrGx_lg.jpeg, /images/lots/2689/9345~1/0021_ediQhl_lg.jpeg, /images/lots/2689/9345~1/0022_gqsphJ_lg.jpeg, /images/lots/2689/9345~1/0023_JeXBDY_lg.jpeg, /images/lots/2689/9345~1/0024_LrHood_lg.jpeg, /images/lots/2689/9345~1/0025_ejvRba_lg.jpeg, /images/lots/2689/9345~1/0026_YoBWgL_lg.jpeg, /images/lots/2689/9345~1/0027_tXkUVi_lg.jpeg, /images/lots/2689/9345~1/0028_Jyiahw_lg.jpeg, /images/lots/2689/9345~1/0029_epwGuf_lg.jpeg, /images/lots/2689/9345~1/0030_PcmTgD_lg.jpeg",£6500,https://angliacarauctions.co.uk/checksheet/a43c80ed-1c5c-4ec2-a954-b23a17dd309e
2010 RENAULT MEGANE DYNAMIQUE TTOM DCI,18,2010,1461cc,Diesel,126k miles,GJ10NWB,120,Blue,Jan 26,5dr,Manual,,['Last registered keeper since January 2021'],"/images/lots/2689/9383~1/0007_UrCVHS_lg.jpeg, /images/lots/2689/9383~1/0008_NrKWvG_lg.jpeg, /images/lots/2689/9383~1/0009_UeYokc_lg.jpeg, /images/lots/2689/9383~1/0010_utKzvu_lg.jpeg, /images/lots/2689/9383~1/0011_eZXqxK_lg.jpeg, /images/lots/2689/9383~1/0012_MnANiT_lg.jpeg, /images/lots/2689/9383~1/0013_sfvdQE_lg.jpeg, /images/lots/2689/9383~1/0014_vUwckD_lg.jpeg, /images/lots/2689/9383~1/0015_MmDuny_lg.jpeg, /images/lots/2689/9383~1/0016_SZphnT_lg.jpeg, /images/lots/2689/9383~1/0017_dEZxHW_lg.jpeg, /images/lots/2689/9383~1/0018_izZovO_lg.jpeg, /images/lots/2689/9383~1/0019_fRLaFF_lg.jpeg, /images/lots/2689/9383~1/0020_fgnzvV_lg.jpeg, /images/lots/2689/9383~1/0021_bSoNgS_lg.jpeg, /images/lots/2689/9383~1/0022_JKHQIl_lg.jpeg, /images/lots/2689/9383~1/0023_vWKlxA_lg.jpeg, /images/lots/2689/9383~1/0024_OvJRNy_lg.jpeg, /images/lots/2689/9383~1/0025_TkOeEt_lg.jpeg, /images/lots/2689/9383~1/0026_nuhKeX_lg.jpeg, /images/lots/2689/9383~1/0027_ESQyyi_lg.jpeg, /images/lots/2689/9383~1/0028_fzguMm_lg.jpeg, /images/lots/2689/9383~1/0029_WmPQMe_lg.jpeg, /images/lots/2689/9383~1/0030_iZsqNU_lg.jpeg",,
2009 NISSAN PIXO ACENTA,19,2009,996cc,Petrol,108k miles,FV09KYC,103,Red,Jul 25,5dr,Manual,3,"['Ten service stamps with the last recorded at 32,819 (includes eight Nissan main dealer stamps)']",,,
2008 LEXUS IS 220D SE,20,2008,2231cc,Diesel,129k miles,RO08YPJ,168,Black,Oct 25,"4, Saloon",Manual,3,['Last registered keeper since June 2022'],,,
2009 PEUGEOT PARTNER TEPEE S HDI,22,2009,1560cc,Diesel,,PN59JPU,154,Grey,Apr 25,MPV,Manual,4,"['Company owned and entered. Twelve service stamps with the last dated November 2023 at 126,761 miles']",,,
1998 NISSAN CABSTAR LWB DIESEL,24D,1998,2494cc,Diesel,134k miles,R317DGP,,Blue,Sep 25,Pick-up,Manual,3,['NO VAT. Selection of old MoT certs and invoices including service bills'],,,
2019 FORD TRANSIT 350,26D,2019,1995cc,Diesel,152k miles,YN19LUW,195,White,Mar 25,Tipper,Manual,0,['NO VAT. Company owned and entered.'],,,
2019 FORD TRANSIT CONNECT 200 LTD T,27D,2019,1499cc,Diesel,96k miles,ML19JJZ,135,White,Mar 25,Panel Van,Auto,0,['NO VAT. Company owned from new'],,,
2013 MINI COOPER SD BAYSWATER,28,2013,1995cc,Diesel,,RV63ZKC,114,Grey,Feb 26,3dr,Manual,2,['Three registered keepers with the last registered April 2016. Five service stamps and three service invoices with the last dated October 2024. V5 to be applied for'],,,
2018 SKODA SUPERB SE L EXECUTIVE TSI,29D,2018,1395cc,Petrol,77k miles,BD18YDB,123,White,Apr 25,Estate,Auto,1,['Two registered keepers with the last registered Dr keeper May 2018'],,,
2017 KIA CEED 3 ISG CRDI,30DK,2017,1582cc,Diesel,99k miles,CA66VRW,102,Blue,Feb 25,5dr,Manual,1,['Two registered keepers with the last registered February 2020'],,,
2016 FORD FIESTA ZETEC TURBO,31DK,2016,998cc,Petrol,56k miles,FX16PMO,99,Silver,Sep 25,5dr,Manual,2,"['Three registered keepers with the last registered October 2023. Eight service stamps with the last dated April 2024 at 49,529 miles', 'Two keys (untested). Slight rattle/whine when revved.']","/images/lots/2689/9309~2/0007_laekSN_lg.jpeg, /images/lots/2689/9309~2/0008_UukSaf_lg.jpeg, /images/lots/2689/9309~2/0009_PbbLsP_lg.jpeg, /images/lots/2689/9309~2/0010_RuIJtS_lg.jpeg, /images/lots/2689/9309~2/0011_HGYrJm_lg.jpeg, /images/lots/2689/9309~2/0012_eIgkFH_lg.jpeg, /images/lots/2689/9309~2/0013_zrmQIl_lg.jpeg, /images/lots/2689/9309~2/0014_rUstDe_lg.jpeg, /images/lots/2689/9309~2/0015_xfcEAN_lg.jpeg, /images/lots/2689/9309~2/0016_CBKJAV_lg.jpeg, /images/lots/2689/9309~2/0017_aZldZU_lg.jpeg, /images/lots/2689/9309~2/0018_fjbSac_lg.jpeg, /images/lots/2689/9309~2/0019_HnHwWt_lg.jpeg, /images/lots/2689/9309~2/0020_mjsDni_lg.jpeg, /images/lots/2689/9309~2/0021_WJWUqN_lg.jpeg, /images/lots/2689/9309~2/0022_ctBEqA_lg.jpeg, /images/lots/2689/9309~2/0023_OXLPAW_lg.jpeg, /images/lots/2689/9309~2/0024_bkJkJH_lg.jpeg, /images/lots/2689/9309~2/0025_DmMuNT_lg.jpeg, /images/lots/2689/9309~2/0026_vhuHeE_lg.jpeg, /images/lots/2689/9309~2/0027_WgPOuT_lg.jpeg, /images/lots/2689/9309~2/0028_SPQzvy_lg.jpeg, /images/lots/2689/9309~2/0029_ZgLXlf_lg.jpeg",,https://angliacarauctions.co.uk/checksheet/99fe032d-d7b7-4692-80b9-83c41d8a8c10
2012 NISSAN QASHQAI N-TEC + DCI,32DK,2012,1461cc,Diesel,89k miles,FR12ECZ,137,Red,Mar 25,5dr,Manual,1,"['Two registered keepers with the last registered April 2015. Four services invoices with the last dated March 2024', 'Two keys (untested), sat nav (untested) and reverse camera (untested). Whistle/whine when revved.']","/images/lots/2689/9309~3/0007_MBFmaS_lg.jpeg, /images/lots/2689/9309~3/0008_hrvfIK_lg.jpeg, /images/lots/2689/9309~3/0009_vEsItv_lg.jpeg, /images/lots/2689/9309~3/0010_tsaqtT_lg.jpeg, /images/lots/2689/9309~3/0011_vCvvfd_lg.jpeg, /images/lots/2689/9309~3/0012_rlWBSM_lg.jpeg, /images/lots/2689/9309~3/0013_cHctxD_lg.jpeg, /images/lots/2689/9309~3/0014_vXAAxa_lg.jpeg, /images/lots/2689/9309~3/0015_gohzXY_lg.jpeg, /images/lots/2689/9309~3/0016_mzXeFS_lg.jpeg, /images/lots/2689/9309~3/0017_fcZRXc_lg.jpeg, /images/lots/2689/9309~3/0018_XXcJYn_lg.jpeg, /images/lots/2689/9309~3/0019_dkLwTC_lg.jpeg, /images/lots/2689/9309~3/0020_IEkGKH_lg.jpeg, /images/lots/2689/9309~3/0021_pPCtZO_lg.jpeg, /images/lots/2689/9309~3/0022_YJxwbb_lg.jpeg, /images/lots/2689/9309~3/0023_kwFoxA_lg.jpeg, /images/lots/2689/9309~3/0024_wcFypu_lg.jpeg, /images/lots/2689/9309~3/0025_WAQjgg_lg.jpeg, /images/lots/2689/9309~3/0026_rXGkcg_lg.jpeg, /images/lots/2689/9309~3/0027_BEvAee_lg.jpeg, /images/lots/2689/9309~3/0028_hnNpPF_lg.jpeg, /images/lots/2689/9309~3/0029_Cobmmv_lg.jpeg",,https://angliacarauctions.co.uk/checksheet/aac1bf2a-9e1e-4617-9955-539e739c46bf
2015 PEUGEOT 3008 ACTIVE BLUE HDI S/S,33DK,2015,1560cc,Diesel,65k miles,KP65EMX,108,Grey,Sep 25,5dr,Manual,2,"['Three registered keepers with the last registered September 2018. Nine service stamps with the last dated September 2024 at 62,138 miles', 'Two keys (untested), parking sensors (untested).']","/images/lots/2689/9309~4/0007_bjEnZt_lg.jpeg, /images/lots/2689/9309~4/0008_EFjmza_lg.jpeg, /images/lots/2689/9309~4/0009_HNUDOf_lg.jpeg, /images/lots/2689/9309~4/0010_sekyuB_lg.jpeg, /images/lots/2689/9309~4/0011_Vzyerh_lg.jpeg, /images/lots/2689/9309~4/0012_oWJYRu_lg.jpeg, /images/lots/2689/9309~4/0013_EaPJuW_lg.jpeg, /images/lots/2689/9309~4/0014_xcYjdX_lg.jpeg, /images/lots/2689/9309~4/0015_kXHvsm_lg.jpeg, /images/lots/2689/9309~4/0016_adCcnh_lg.jpeg, /images/lots/2689/9309~4/0017_QqeHlh_lg.jpeg, /images/lots/2689/9309~4/0018_MxxpBx_lg.jpeg, /images/lots/2689/9309~4/0019_zomWBr_lg.jpeg, /images/lots/2689/9309~4/0020_tWaACI_lg.jpeg, /images/lots/2689/9309~4/0021_FBZuyR_lg.jpeg, /images/lots/2689/9309~4/0022_akPvrk_lg.jpeg, /images/lots/2689/9309~4/0023_wfQAGx_lg.jpeg, /images/lots/2689/9309~4/0024_hLHnFX_lg.jpeg, /images/lots/2689/9309~4/0025_dceNhx_lg.jpeg, /images/lots/2689/9309~4/0026_xXRBTl_lg.jpeg, /images/lots/2689/9309~4/0027_JBylfq_lg.jpeg, /images/lots/2689/9309~4/0028_MOZURk_lg.jpeg, /images/lots/2689/9309~4/0029_lMOiSJ_lg.jpeg, /images/lots/2689/9309~4/0030_boHtjY_lg.jpeg",,https://angliacarauctions.co.uk/checksheet/9661c452-3dd6-46c1-a314-606a19a5eb33
2010 KIA CEED STRIKE,34DK,2010,1396cc,Petrol,71k miles,AD10ULZ,139,Blue,Sep 25,5dr,Manual,1,"['Two registered keepers with the last registered June 2017. Nine service stamps with the last dated April 2024', 'One key (untested). Steering knock when turning.']","/images/lots/2689/9309~5/0007_WyiGox_lg.jpeg, /images/lots/2689/9309~5/0008_cETFCj_lg.jpeg, /images/lots/2689/9309~5/0009_tcEJWE_lg.jpeg, /images/lots/2689/9309~5/0010_twSzjk_lg.jpeg, /images/lots/2689/9309~5/0011_BXXfRB_lg.jpeg, /images/lots/2689/9309~5/0012_lizyLl_lg.jpeg, /images/lots/2689/9309~5/0013_GIAwTc_lg.jpeg, /images/lots/2689/9309~5/0014_YgtMkn_lg.jpeg, /images/lots/2689/9309~5/0015_EKOzbg_lg.jpeg, /images/lots/2689/9309~5/0016_WIKyBG_lg.jpeg, /images/lots/2689/9309~5/0017_yraCgx_lg.jpeg, /images/lots/2689/9309~5/0018_CMRvTL_lg.jpeg, /images/lots/2689/9309~5/0019_QjtONu_lg.jpeg, /images/lots/2689/9309~5/0020_YVtZFn_lg.jpeg, /images/lots/2689/9309~5/0021_CyQpGz_lg.jpeg, /images/lots/2689/9309~5/0022_qGYgqU_lg.jpeg, /images/lots/2689/9309~5/0023_JhlCOS_lg.jpeg, /images/lots/2689/9309~5/0024_SzDaEh_lg.jpeg, /images/lots/2689/9309~5/0025_BchQCT_lg.jpeg, /images/lots/2689/9309~5/0026_wQGhpD_lg.jpeg, /images/lots/2689/9309~5/0027_YHdIUK_lg.jpeg, /images/lots/2689/9309~5/0028_oXJXNt_lg.jpeg, /images/lots/2689/9309~5/0029_ACohtW_lg.jpeg",,https://angliacarauctions.co.uk/checksheet/9dbdeb51-6ce9-4ab1-8305-aab198773c6f
2018 NISSAN JUKE BOSE PERSONAL ED DIG,35DK,2018,1197cc,Petrol,126k miles,DT18HJA,128,Blue,Jul 25,5dr,Manual,1,"['Two registered keepers with the last registered February 2020. Six service stamps with the last dated May 2024 at 108,760 miles', 'Two keys (untested), sat nav (untested), reverse camera (appears blurry). Rattle in idle and when revved. Tyre pressure light displays on the dash.']","/images/lots/2689/9311~1/0007_PrXWmY_lg.jpeg, /images/lots/2689/9311~1/0008_caFaOX_lg.jpeg, /images/lots/2689/9311~1/0009_Mbnzbe_lg.jpeg, /images/lots/2689/9311~1/0010_YyDQHE_lg.jpeg, /images/lots/2689/9311~1/0011_vKAzTR_lg.jpeg, /images/lots/2689/9311~1/0012_NdovBB_lg.jpeg, /images/lots/2689/9311~1/0013_eWgXKP_lg.jpeg, /images/lots/2689/9311~1/0014_AHZqSL_lg.jpeg, /images/lots/2689/9311~1/0015_uyxfkj_lg.jpeg, /images/lots/2689/9311~1/0016_idPFdZ_lg.jpeg, /images/lots/2689/9311~1/0017_wfscDV_lg.jpeg, /images/lots/2689/9311~1/0018_JgpiFl_lg.jpeg, /images/lots/2689/9311~1/0019_lpEvoM_lg.jpeg, /images/lots/2689/9311~1/0020_kPPRpW_lg.jpeg, /images/lots/2689/9311~1/0021_xrxdbF_lg.jpeg, /images/lots/2689/9311~1/0022_IxOmdJ_lg.jpeg, /images/lots/2689/9311~1/0023_oarEnj_lg.jpeg, /images/lots/2689/9311~1/0024_rpkwLa_lg.jpeg, /images/lots/2689/9311~1/0025_IyAyqc_lg.jpeg, /images/lots/2689/9311~1/0026_KRgEoO_lg.jpeg, /images/lots/2689/9311~1/0027_bYzaag_lg.jpeg, /images/lots/2689/9311~1/0028_PNGKui_lg.jpeg, /images/lots/2689/9311~1/0029_HbfeDK_lg.jpeg",,https://angliacarauctions.co.uk/checksheet/785dbbf4-1681-4e5b-bc8f-b44044dd1da4
2017 VAUXHALL ASTRA SRI NAV TURBO,36DK,2017,1399cc,Petrol,21k miles,DU66VAK,128,Black,Jun 25,5dr,Manual,3,"['Six service stamps with the last dated January 2023 at 18,822 miles', 'One key (untested), sat nav and parking sensors (untested).']","/images/lots/2689/9311~2/0007_RwADJC_lg.jpeg, /images/lots/2689/9311~2/0008_VHKRUO_lg.jpeg, /images/lots/2689/9311~2/0009_cMFhnI_lg.jpeg, /images/lots/2689/9311~2/0010_TgXgKz_lg.jpeg, /images/lots/2689/9311~2/0011_DFofZB_lg.jpeg, /images/lots/2689/9311~2/0012_nxVozJ_lg.jpeg, /images/lots/2689/9311~2/0013_SLytNC_lg.jpeg, /images/lots/2689/9311~2/0014_xXditz_lg.jpeg, /images/lots/2689/9311~2/0015_ZqFCIw_lg.jpeg, /images/lots/2689/9311~2/0016_kZUuqB_lg.jpeg, /images/lots/2689/9311~2/0017_KkbyCk_lg.jpeg, /images/lots/2689/9311~2/0018_BxvDcQ_lg.jpeg, /images/lots/2689/9311~2/0019_wuzFoR_lg.jpeg, /images/lots/2689/9311~2/0020_YQtaDt_lg.jpeg, /images/lots/2689/9311~2/0021_uBWjmV_lg.jpeg, /images/lots/2689/9311~2/0022_SoBpcA_lg.jpeg, /images/lots/2689/9311~2/0023_BRqAEx_lg.jpeg, /images/lots/2689/9311~2/0024_RNPiQg_lg.jpeg, /images/lots/2689/9311~2/0025_ynBCfD_lg.jpeg, /images/lots/2689/9311~2/0026_OjpjEE_lg.jpeg, /images/lots/2689/9311~2/0027_UbTrFM_lg.jpeg, /images/lots/2689/9311~2/0028_nKBllh_lg.jpeg, /images/lots/2689/9311~2/0029_BQSZBg_lg.jpeg",,https://angliacarauctions.co.uk/checksheet/2fd7c0fe-4e43-4107-b93b-5eb20d35da36
2017 VAUXHALL ASTRA SRI NAV TURBO,36DK,2017,1399cc,Petrol,21k miles,DU66VAK,128,Black,Jun 25,5dr,Manual,3,"['Six service stamps with the last dated January 2023 at 18,822 miles', 'One key (untested), sat nav and parking sensors (untested).']","/images/lots/2689/9311~2/0007_RwADJC_lg.jpeg, /images/lots/2689/9311~2/0008_VHKRUO_lg.jpeg, /images/lots/2689/9311~2/0009_cMFhnI_lg.jpeg, /images/lots/2689/9311~2/0010_TgXgKz_lg.jpeg, /images/lots/2689/9311~2/0011_DFofZB_lg.jpeg, /images/lots/2689/9311~2/0012_nxVozJ_lg.jpeg, /images/lots/2689/9311~2/0013_SLytNC_lg.jpeg, /images/lots/2689/9311~2/0014_xXditz_lg.jpeg, /images/lots/2689/9311~2/0015_ZqFCIw_lg.jpeg, /images/lots/2689/9311~2/0016_kZUuqB_lg.jpeg, /images/lots/2689/9311~2/0017_KkbyCk_lg.jpeg, /images/lots/2689/9311~2/0018_BxvDcQ_lg.jpeg, /images/lots/2689/9311~2/0019_wuzFoR_lg.jpeg, /images/lots/2689/9311~2/0020_YQtaDt_lg.jpeg, /images/lots/2689/9311~2/0021_uBWjmV_lg.jpeg, /images/lots/2689/9311~2/0022_SoBpcA_lg.jpeg, /images/lots/2689/9311~2/0023_BRqAEx_lg.jpeg, /images/lots/2689/9311~2/0024_RNPiQg_lg.jpeg, /images/lots/2689/9311~2/0025_ynBCfD_lg.jpeg, /images/lots/2689/9311~2/0026_OjpjEE_lg.jpeg, /images/lots/2689/9311~2/0027_UbTrFM_lg.jpeg, /images/lots/2689/9311~2/0028_nKBllh_lg.jpeg, /images/lots/2689/9311~2/0029_BQSZBg_lg.jpeg",,https://angliacarauctions.co.uk/checksheet/2fd7c0fe-4e43-4107-b93b-5eb20d35da36
2014 VOLVO V40 SE D2 AUTO,37DK,2014,1560cc,Diesel,92k miles,KS64OBA,102,Grey,Dec 25,5dr,Auto,2,"['Three registered keepers with the last registered November 2015. Nine service stamps with the last dated June 2024 at 87,544 miles', 'Two keys (untested), parking sensors (untested). Little rattle when revved.']","/images/lots/2689/9311~3/0007_cqZTDi_lg.jpeg, /images/lots/2689/9311~3/0008_JqPfVt_lg.jpeg, /images/lots/2689/9311~3/0009_yOifVV_lg.jpeg, /images/lots/2689/9311~3/0010_okHNGd_lg.jpeg, /images/lots/2689/9311~3/0011_yjzLaw_lg.jpeg, /images/lots/2689/9311~3/0012_someFj_lg.jpeg, /images/lots/2689/9311~3/0013_JBhOCJ_lg.jpeg, /images/lots/2689/9311~3/0014_WLVLpC_lg.jpeg, /images/lots/2689/9311~3/0015_xpEmLq_lg.jpeg, /images/lots/2689/9311~3/0016_AwjXQa_lg.jpeg, /images/lots/2689/9311~3/0017_hBITMy_lg.jpeg, /images/lots/2689/9311~3/0018_FWgOco_lg.jpeg, /images/lots/2689/9311~3/0019_PRJBtZ_lg.jpeg, /images/lots/2689/9311~3/0020_IFpPJT_lg.jpeg, /images/lots/2689/9311~3/0021_UKSEoo_lg.jpeg, /images/lots/2689/9311~3/0022_RgyVlR_lg.jpeg, /images/lots/2689/9311~3/0023_LWrySh_lg.jpeg, /images/lots/2689/9311~3/0024_GOGjEB_lg.jpeg, /images/lots/2689/9311~3/0025_Ypiqtc_lg.jpeg, /images/lots/2689/9311~3/0026_NdAqoz_lg.jpeg, /images/lots/2689/9311~3/0027_zPeKlk_lg.jpeg, /images/lots/2689/9311~3/0028_gEsQIz_lg.jpeg, /images/lots/2689/9311~3/0029_EhvuaO_lg.jpeg, /images/lots/2689/9311~3/0030_eZAFnH_lg.jpeg",,https://angliacarauctions.co.uk/checksheet/c90095c7-4e6a-4cff-a94f-a8514a061796
2011 MAZDA 2 TAMURA,38DK,2011,1349cc,Petrol,90k miles,NA61BPE,119,Silver,Aug 25,5dr,Manual,3,['Two keys (untested). Rattle when revved.'],"/images/lots/2689/9311~4/0007_uKigzY_lg.jpeg, /images/lots/2689/9311~4/0008_RqKBki_lg.jpeg, /images/lots/2689/9311~4/0009_blplFA_lg.jpeg, /images/lots/2689/9311~4/0010_RENSDd_lg.jpeg, /images/lots/2689/9311~4/0011_ZDgFJA_lg.jpeg, /images/lots/2689/9311~4/0012_VFcbgd_lg.jpeg, /images/lots/2689/9311~4/0013_RqiEOD_lg.jpeg, /images/lots/2689/9311~4/0014_GsRzJu_lg.jpeg, /images/lots/2689/9311~4/0015_GzaYja_lg.jpeg, /images/lots/2689/9311~4/0016_fVMRMn_lg.jpeg, /images/lots/2689/9311~4/0017_rLgTdK_lg.jpeg, /images/lots/2689/9311~4/0018_zGsIuV_lg.jpeg, /images/lots/2689/9311~4/0019_EcHcVs_lg.jpeg, /images/lots/2689/9311~4/0020_PAuyxx_lg.jpeg, /images/lots/2689/9311~4/0021_IHRFtn_lg.jpeg, /images/lots/2689/9311~4/0022_JXaRMH_lg.jpeg, /images/lots/2689/9311~4/0023_ebZUiz_lg.jpeg, /images/lots/2689/9311~4/0024_YxzmjD_lg.jpeg, /images/lots/2689/9311~4/0025_LgzkbG_lg.jpeg, /images/lots/2689/9311~4/0026_lFwmca_lg.jpeg, /images/lots/2689/9311~4/0027_rCVfoq_lg.jpeg, /images/lots/2689/9311~4/0028_VeCmeV_lg.jpeg, /images/lots/2689/9311~4/0029_wWtxRu_lg.jpeg, /images/lots/2689/9311~4/0030_LjeSAK_lg.jpeg",,https://angliacarauctions.co.uk/checksheet/d978bfe9-08f2-4590-8d33-0e1cf623a980
2013 KIA PICANTO CITY,39DK,2013,998cc,Petrol,117k miles,FG63JUA,99,Silver,Nov 25,3dr,Manual,1,"['Two registered keepers with the last registered November 2016. Nine service stamps and one service invoice with the last dated November 2024 at 116,476 miles', 'Two keys (untested). Judders in idle.']","/images/lots/2689/9312~1/0007_jDWVeJ_lg.jpeg, /images/lots/2689/9312~1/0008_JCGNHT_lg.jpeg, /images/lots/2689/9312~1/0009_ytQmKT_lg.jpeg, /images/lots/2689/9312~1/0010_moPobb_lg.jpeg, /images/lots/2689/9312~1/0011_mwITKO_lg.jpeg, /images/lots/2689/9312~1/0012_dHVnqR_lg.jpeg, /images/lots/2689/9312~1/0013_WCWsXs_lg.jpeg, /images/lots/2689/9312~1/0014_DsTvPm_lg.jpeg, /images/lots/2689/9312~1/0015_KShFHs_lg.jpeg, /images/lots/2689/9312~1/0016_hfDPny_lg.jpeg, /images/lots/2689/9312~1/0017_OVzQds_lg.jpeg, /images/lots/2689/9312~1/0018_wjTzcr_lg.jpeg, /images/lots/2689/9312~1/0019_DnqqJQ_lg.jpeg, /images/lots/2689/9312~1/0020_QnuaAU_lg.jpeg, /images/lots/2689/9312~1/0021_VWPSKF_lg.jpeg, /images/lots/2689/9312~1/0022_dLjMhL_lg.jpeg, /images/lots/2689/9312~1/0023_kKGtQs_lg.jpeg, /images/lots/2689/9312~1/0024_AjKYGn_lg.jpeg, /images/lots/2689/9312~1/0025_qqhNlg_lg.jpeg, /images/lots/2689/9312~1/0026_NYzYAw_lg.jpeg, /images/lots/2689/9312~1/0027_lDHsNu_lg.jpeg, /images/lots/2689/9312~1/0028_FuQYkW_lg.jpeg",,https://angliacarauctions.co.uk/checksheet/dc92bc42-6336-43a3-89ce-625b61feb392
2013 VOLKSWAGEN GOLF SE BLUEMOTION TECH T,40DK,2013,1598cc,Diesel,101k miles,YB13XDY,99,White,Mar 25,5dr,Manual,1,"['Two registered keepers with the last registered March 2016. Seven service stamps with the last dated October 2019 at 62,976 miles', 'Two keys (untested), parking sensors (untested). Error start-stop displays on the dash. Acc + front assist not available.']","/images/lots/2689/9312~2/0007_hlFsfN_lg.jpeg, /images/lots/2689/9312~2/0008_CfCuKs_lg.jpeg, /images/lots/2689/9312~2/0009_ACzQYK_lg.jpeg, /images/lots/2689/9312~2/0010_RYsRpm_lg.jpeg, /images/lots/2689/9312~2/0011_ePtHSE_lg.jpeg, /images/lots/2689/9312~2/0012_clryZH_lg.jpeg, /images/lots/2689/9312~2/0013_nGMgVD_lg.jpeg, /images/lots/2689/9312~2/0014_qASQpx_lg.jpeg, /images/lots/2689/9312~2/0015_aFeHAF_lg.jpeg, /images/lots/2689/9312~2/0016_ppSEhx_lg.jpeg, /images/lots/2689/9312~2/0017_BouuBm_lg.jpeg, /images/lots/2689/9312~2/0018_RwiGlv_lg.jpeg, /images/lots/2689/9312~2/0019_ODCXQe_lg.jpeg, /images/lots/2689/9312~2/0020_uPGyem_lg.jpeg, /images/lots/2689/9312~2/0021_uesQLc_lg.jpeg, /images/lots/2689/9312~2/0022_xHvdoq_lg.jpeg, /images/lots/2689/9312~2/0023_yrkTpa_lg.jpeg, /images/lots/2689/9312~2/0024_tOXDBG_lg.jpeg, /images/lots/2689/9312~2/0025_lNbnhv_lg.jpeg, /images/lots/2689/9312~2/0026_sJRyLd_lg.jpeg, /images/lots/2689/9312~2/0027_dKZevr_lg.jpeg, /images/lots/2689/9312~2/0028_aMsbRB_lg.jpeg, /images/lots/2689/9312~2/0029_tKhXui_lg.jpeg",,https://angliacarauctions.co.uk/checksheet/d27a53ce-6f2b-4154-bc82-50a2d2c14c1f
2010 FORD KA EDGE,41DK,2010,1242cc,Petrol,64k miles,NX10OYZ,119,Blue,Nov 25,3dr,Manual,,"['Insurance loss category S recorded February 2018. Selection of invioces', 'Two keys (untested).']","/images/lots/2689/9312~3/0007_ZzLbIv_lg.jpeg, /images/lots/2689/9312~3/0008_ieDefH_lg.jpeg, /images/lots/2689/9312~3/0009_jukAtA_lg.jpeg, /images/lots/2689/9312~3/0010_YoRBGB_lg.jpeg, /images/lots/2689/9312~3/0011_BFqMCV_lg.jpeg, /images/lots/2689/9312~3/0012_VmGQvm_lg.jpeg, /images/lots/2689/9312~3/0013_qhnqEz_lg.jpeg, /images/lots/2689/9312~3/0014_NVOsYC_lg.jpeg, /images/lots/2689/9312~3/0015_ymEVXo_lg.jpeg, /images/lots/2689/9312~3/0016_vaJiqv_lg.jpeg, /images/lots/2689/9312~3/0017_jyBxUD_lg.jpeg, /images/lots/2689/9312~3/0018_MwuYFi_lg.jpeg, /images/lots/2689/9312~3/0019_aFNgLl_lg.jpeg, /images/lots/2689/9312~3/0020_KnOWgK_lg.jpeg, /images/lots/2689/9312~3/0021_FqCZnd_lg.jpeg, /images/lots/2689/9312~3/0022_uNBakE_lg.jpeg, /images/lots/2689/9312~3/0023_fxNCEq_lg.jpeg, /images/lots/2689/9312~3/0024_sjgkWR_lg.jpeg, /images/lots/2689/9312~3/0025_zltAhB_lg.jpeg, /images/lots/2689/9312~3/0026_fVyhYQ_lg.jpeg, /images/lots/2689/9312~3/0027_ECprfe_lg.jpeg, /images/lots/2689/9312~3/0028_kfaLvf_lg.jpeg, /images/lots/2689/9312~3/0029_UEeKIc_lg.jpeg, /images/lots/2689/9312~3/0030_WNgtoR_lg.jpeg",,https://angliacarauctions.co.uk/checksheet/a7252b43-1113-4bf7-aa81-434f0337743b
2010 VAUXHALL CORSA SE,42DK,2010,1398cc,Petrol,93k miles,SV60DVN,129,Black,Apr 25,5dr,Manual,4,['Last registered keeper since July 2019'],"/images/lots/2689/9312~4/0007_NltyhI_lg.jpeg, /images/lots/2689/9312~4/0008_uUOcVR_lg.jpeg, /images/lots/2689/9312~4/0009_GrbfIz_lg.jpeg, /images/lots/2689/9312~4/0010_IyBuqN_lg.jpeg, /images/lots/2689/9312~4/0011_GRbdzf_lg.jpeg, /images/lots/2689/9312~4/0012_NjFJSX_lg.jpeg, /images/lots/2689/9312~4/0013_iCEQpK_lg.jpeg, /images/lots/2689/9312~4/0014_siYHme_lg.jpeg, /images/lots/2689/9312~4/0015_gylBcF_lg.jpeg, /images/lots/2689/9312~4/0016_bxfzIo_lg.jpeg, /images/lots/2689/9312~4/0017_saStdS_lg.jpeg, /images/lots/2689/9312~4/0018_QqkRGk_lg.jpeg, /images/lots/2689/9312~4/0019_cKnZgM_lg.jpeg, /images/lots/2689/9312~4/0020_bsDjRi_lg.jpeg, /images/lots/2689/9312~4/0021_qlYRBx_lg.jpeg, /images/lots/2689/9312~4/0022_sKiRAu_lg.jpeg, /images/lots/2689/9312~4/0023_qmrLdM_lg.jpeg, /images/lots/2689/9312~4/0024_DFDcZG_lg.jpeg, /images/lots/2689/9312~4/0025_mQLpis_lg.jpeg, /images/lots/2689/9312~4/0026_DUgaXh_lg.jpeg",,
2021 MG ZS TROPHY EV,43DK,2021,-,Electric,19k miles,FV71PDX,,Red,Nov 25,5dr,Auto,0,"['One registered keeper from new. Three service invoices with the last dated November 2024 at 18,666 miles', 'Two keys (untested), sat nav and reverse camera (untested).']","/images/lots/2689/9312~5/0007_KZNvJx_lg.jpeg, /images/lots/2689/9312~5/0008_dHHKOc_lg.jpeg, /images/lots/2689/9312~5/0009_oAwuYt_lg.jpeg, /images/lots/2689/9312~5/0010_Gltjhv_lg.jpeg, /images/lots/2689/9312~5/0011_UTDeOy_lg.jpeg, /images/lots/2689/9312~5/0012_rRYKiQ_lg.jpeg, /images/lots/2689/9312~5/0013_Gfuies_lg.jpeg, /images/lots/2689/9312~5/0014_TipNOO_lg.jpeg, /images/lots/2689/9312~5/0015_YIPgKs_lg.jpeg, /images/lots/2689/9312~5/0016_HouhLp_lg.jpeg, /images/lots/2689/9312~5/0017_nUgABq_lg.jpeg, /images/lots/2689/9312~5/0018_yVsivX_lg.jpeg, /images/lots/2689/9312~5/0019_TvSedO_lg.jpeg, /images/lots/2689/9312~5/0020_QlKfGv_lg.jpeg, /images/lots/2689/9312~5/0021_vrLtCI_lg.jpeg, /images/lots/2689/9312~5/0022_qXKwpU_lg.jpeg, /images/lots/2689/9312~5/0023_HutJfI_lg.jpeg, /images/lots/2689/9312~5/0024_znoecX_lg.jpeg, /images/lots/2689/9312~5/0025_BkIWkr_lg.jpeg, /images/lots/2689/9312~5/0026_bHDpxJ_lg.jpeg, /images/lots/2689/9312~5/0027_drokMl_lg.jpeg, /images/lots/2689/9312~5/0028_YWoNgG_lg.jpeg, /images/lots/2689/9312~5/0029_LxBNHA_lg.jpeg, /images/lots/2689/9312~5/0030_nEgiDF_lg.jpeg",,https://angliacarauctions.co.uk/checksheet/8b9b815f-fc31-4783-8c9b-f42ae6509ff6
2009 KIA RIO STRIKE AUTO,44DK,2009,1399cc,Petrol,45k miles,SV59FAM,165,Blue,Oct 25,5dr,Auto,2,"['Three registered keepers. Five service stamps and one handwritten entry with the last dated 2024 at 43,409 miles', 'One key (untested), parking sensors (untested).']","/images/lots/2689/9312~6/0007_xbOYlH_lg.jpeg, /images/lots/2689/9312~6/0008_IJREsM_lg.jpeg, /images/lots/2689/9312~6/0009_bXMntv_lg.jpeg, /images/lots/2689/9312~6/0010_sXVieF_lg.jpeg, /images/lots/2689/9312~6/0011_EMCdcY_lg.jpeg, /images/lots/2689/9312~6/0012_LgmWAu_lg.jpeg, /images/lots/2689/9312~6/0013_NtKLka_lg.jpeg, /images/lots/2689/9312~6/0014_vkgWbq_lg.jpeg, /images/lots/2689/9312~6/0015_vguGOI_lg.jpeg, /images/lots/2689/9312~6/0016_MLXOtA_lg.jpeg, /images/lots/2689/9312~6/0017_KWRVLx_lg.jpeg, /images/lots/2689/9312~6/0018_kGQSNB_lg.jpeg, /images/lots/2689/9312~6/0019_XswArF_lg.jpeg, /images/lots/2689/9312~6/0020_yhmXAU_lg.jpeg, /images/lots/2689/9312~6/0021_etSSPG_lg.jpeg, /images/lots/2689/9312~6/0022_wnsRgM_lg.jpeg, /images/lots/2689/9312~6/0023_wKdlhi_lg.jpeg, /images/lots/2689/9312~6/0024_UiRMjm_lg.jpeg, /images/lots/2689/9312~6/0025_VPmKab_lg.jpeg, /images/lots/2689/9312~6/0026_Xpdevy_lg.jpeg, /images/lots/2689/9312~6/0027_pkIkpy_lg.jpeg, /images/lots/2689/9312~6/0028_KyqfeM_lg.jpeg, /images/lots/2689/9312~6/0029_BoKxve_lg.jpeg",,https://angliacarauctions.co.uk/checksheet/7e319ff4-19c2-423f-bbd0-3010c04c12b8
2016 AUDI A1 SE TFSI,45DK,2016,999cc,Petrol,45k miles,YA66OGM,97,Black,Apr 25,3DR,Manual,3,['Two keys (untested).'],"/images/lots/2689/9315~1/0007_WOPJws_lg.jpeg, /images/lots/2689/9315~1/0008_yjzkiV_lg.jpeg, /images/lots/2689/9315~1/0009_jpUzqN_lg.jpeg, /images/lots/2689/9315~1/0010_zjFIyZ_lg.jpeg, /images/lots/2689/9315~1/0011_GTULfo_lg.jpeg, /images/lots/2689/9315~1/0012_keRQWf_lg.jpeg, /images/lots/2689/9315~1/0013_NLTgAo_lg.jpeg, /images/lots/2689/9315~1/0014_ktbgQc_lg.jpeg, /images/lots/2689/9315~1/0015_NBruQX_lg.jpeg, /images/lots/2689/9315~1/0016_RLwEog_lg.jpeg, /images/lots/2689/9315~1/0017_vkzCQa_lg.jpeg, /images/lots/2689/9315~1/0018_OFzCnQ_lg.jpeg, /images/lots/2689/9315~1/0019_iWMnPM_lg.jpeg, /images/lots/2689/9315~1/0020_mxHPvR_lg.jpeg, /images/lots/2689/9315~1/0021_rBoosQ_lg.jpeg, /images/lots/2689/9315~1/0022_lMMwnC_lg.jpeg, /images/lots/2689/9315~1/0023_vMhuza_lg.jpeg, /images/lots/2689/9315~1/0024_GpXbiE_lg.jpeg, /images/lots/2689/9315~1/0025_PZPYCe_lg.jpeg, /images/lots/2689/9315~1/0026_bKxUsI_lg.jpeg, /images/lots/2689/9315~1/0027_KTKfRo_lg.jpeg, /images/lots/2689/9315~1/0028_jwKXXo_lg.jpeg",,https://angliacarauctions.co.uk/checksheet/cb5689b6-8e8c-4f6c-9884-bdacc5e856ea
2018 PEUGEOT PARTNER TEPEE OUTDOOR BHD,46DK,2018,1560cc,Diesel,65k miles,FG18EVH,113,Silver,Mar 25,MPV,Manual,2,"['Three registered keepers with the last registered September 2021. Six service stamps with the last dated February 2024 at 53,150 miles', 'Two keys (untested), parking sensors (untested).']","/images/lots/2689/9315~2/0007_uGIIQM_lg.jpeg, /images/lots/2689/9315~2/0008_eHbgfS_lg.jpeg, /images/lots/2689/9315~2/0009_ODIcoX_lg.jpeg, /images/lots/2689/9315~2/0010_hnIQxF_lg.jpeg, /images/lots/2689/9315~2/0011_dIrsaZ_lg.jpeg, /images/lots/2689/9315~2/0012_DWLhng_lg.jpeg, /images/lots/2689/9315~2/0013_XJfeKR_lg.jpeg, /images/lots/2689/9315~2/0014_wLoZxq_lg.jpeg, /images/lots/2689/9315~2/0015_RZyqFH_lg.jpeg, /images/lots/2689/9315~2/0016_NrZGUE_lg.jpeg, /images/lots/2689/9315~2/0017_yNHxiL_lg.jpeg, /images/lots/2689/9315~2/0018_SYlsOy_lg.jpeg, /images/lots/2689/9315~2/0019_SFWfTE_lg.jpeg, /images/lots/2689/9315~2/0020_WQpevh_lg.jpeg, /images/lots/2689/9315~2/0021_YGWxMW_lg.jpeg, /images/lots/2689/9315~2/0022_DhrJja_lg.jpeg, /images/lots/2689/9315~2/0023_LiKkIV_lg.jpeg, /images/lots/2689/9315~2/0024_oDjAEo_lg.jpeg, /images/lots/2689/9315~2/0025_HDaFYt_lg.jpeg, /images/lots/2689/9315~2/0026_iPjGuL_lg.jpeg, /images/lots/2689/9315~2/0027_TXsWci_lg.jpeg, /images/lots/2689/9315~2/0028_KIZUmj_lg.jpeg, /images/lots/2689/9315~2/0029_VFYhIk_lg.jpeg, /images/lots/2689/9315~2/0030_CZorTz_lg.jpeg",,https://angliacarauctions.co.uk/checksheet/1a0fe874-4862-42b8-bc00-8c0d7c5127f5
2005 HONDA JAZZ SE,47DK,2005,1339cc,Petrol,187k miles,FY05AHJ,137,Blue,Mar 25,5dr,Manual,0,"['One registered keeper from new. Thirteen service stamps with the last dated February 2021 at 162,999 miles']","/images/lots/2689/9315~3/0007_yHTtIg_lg.jpeg, /images/lots/2689/9315~3/0008_PSoMlO_lg.jpeg, /images/lots/2689/9315~3/0009_chZYxi_lg.jpeg, /images/lots/2689/9315~3/0010_oajHqO_lg.jpeg, /images/lots/2689/9315~3/0011_hvOQqH_lg.jpeg, /images/lots/2689/9315~3/0012_YrSWpR_lg.jpeg, /images/lots/2689/9315~3/0013_WZLsoi_lg.jpeg, /images/lots/2689/9315~3/0014_biTTZS_lg.jpeg, /images/lots/2689/9315~3/0015_AuOwdn_lg.jpeg, /images/lots/2689/9315~3/0016_JMvuiM_lg.jpeg, /images/lots/2689/9315~3/0017_KfZoAt_lg.jpeg, /images/lots/2689/9315~3/0018_apXcSA_lg.jpeg, /images/lots/2689/9315~3/0019_QKkqkf_lg.jpeg, /images/lots/2689/9315~3/0020_JaoGTj_lg.jpeg, /images/lots/2689/9315~3/0021_ZSmcMo_lg.jpeg, /images/lots/2689/9315~3/0022_aySnZH_lg.jpeg, /images/lots/2689/9315~3/0023_fiWeQR_lg.jpeg, /images/lots/2689/9315~3/0024_kDCYjn_lg.jpeg, /images/lots/2689/9315~3/0025_TyQZQo_lg.jpeg, /images/lots/2689/9315~3/0026_hIJcwp_lg.jpeg, /images/lots/2689/9315~3/0027_DYbnPb_lg.jpeg, /images/lots/2689/9315~3/0028_OfAzph_lg.jpeg, /images/lots/2689/9315~3/0029_ccQpIV_lg.jpeg, /images/lots/2689/9315~3/0030_rmQins_lg.jpeg",,
2017 KIA SPORTAGE 3 ISG CRDI,48DK,2017,1685cc,Diesel,61k miles,BF67HFP,119,Silver,Sep 25,Estate,Manual,1,"['Two registered keepers with the last registered September 2018. Four service stamps with the last dated September 2024 at 58,799 miles', 'Two keys (untested), sat nav and reverse camera (untested). Tyre pressure light displays on the dash. Tapping in idle.']","/images/lots/2689/9315~4/0007_KmAVXH_lg.jpeg, /images/lots/2689/9315~4/0008_GEAfBj_lg.jpeg, /images/lots/2689/9315~4/0009_wfZCRv_lg.jpeg, /images/lots/2689/9315~4/0010_iuaheI_lg.jpeg, /images/lots/2689/9315~4/0011_FEDFbv_lg.jpeg, /images/lots/2689/9315~4/0012_RenOIM_lg.jpeg, /images/lots/2689/9315~4/0013_dTDpfr_lg.jpeg, /images/lots/2689/9315~4/0014_hInnuO_lg.jpeg, /images/lots/2689/9315~4/0015_UIeSsy_lg.jpeg, /images/lots/2689/9315~4/0016_rUJqxx_lg.jpeg, /images/lots/2689/9315~4/0017_GGCKZD_lg.jpeg, /images/lots/2689/9315~4/0018_yoGQbW_lg.jpeg, /images/lots/2689/9315~4/0019_BqGoRV_lg.jpeg, /images/lots/2689/9315~4/0020_YQexsV_lg.jpeg, /images/lots/2689/9315~4/0021_rgNdQT_lg.jpeg, /images/lots/2689/9315~4/0022_QjzCnU_lg.jpeg, /images/lots/2689/9315~4/0023_WRtcbs_lg.jpeg, /images/lots/2689/9315~4/0024_gizLAS_lg.jpeg, /images/lots/2689/9315~4/0025_VTVRzA_lg.jpeg, /images/lots/2689/9315~4/0026_KlNTkb_lg.jpeg, /images/lots/2689/9315~4/0027_OqqcaC_lg.jpeg, /images/lots/2689/9315~4/0028_HSxfMt_lg.jpeg, /images/lots/2689/9315~4/0029_byMnWp_lg.jpeg",,https://angliacarauctions.co.uk/checksheet/511e1cdf-7c4d-4e9c-9539-95b92ec67f2c
2014 FORD FIESTA ZETEC TDCI,49DK,2014,1499cc,Diesel,133k miles,GY14OCN,98,Silver,Sep 25,5dr,Manual,1,['Two registered keepers with the last registered September 2017. One Ford service record'],"/images/lots/2689/9363~1/0007_EWUmmL_lg.jpeg, /images/lots/2689/9363~1/0008_VjgWPW_lg.jpeg, /images/lots/2689/9363~1/0009_sJYtff_lg.jpeg, /images/lots/2689/9363~1/0010_GdfXwy_lg.jpeg, /images/lots/2689/9363~1/0011_pWsXXt_lg.jpeg, /images/lots/2689/9363~1/0012_qNKQSy_lg.jpeg, /images/lots/2689/9363~1/0013_iedFQD_lg.jpeg, /images/lots/2689/9363~1/0014_yAeMHO_lg.jpeg, /images/lots/2689/9363~1/0015_LwUxsL_lg.jpeg, /images/lots/2689/9363~1/0016_sIARsG_lg.jpeg, /images/lots/2689/9363~1/0017_TVNCow_lg.jpeg, /images/lots/2689/9363~1/0018_cnsBNt_lg.jpeg, /images/lots/2689/9363~1/0019_EKgpRX_lg.jpeg, /images/lots/2689/9363~1/0020_BvIigr_lg.jpeg, /images/lots/2689/9363~1/0021_EOVWyq_lg.jpeg, /images/lots/2689/9363~1/0022_lVrLVT_lg.jpeg, /images/lots/2689/9363~1/0023_OaDUMP_lg.jpeg, /images/lots/2689/9363~1/0024_ioZvcu_lg.jpeg, /images/lots/2689/9363~1/0025_jyFgqw_lg.jpeg, /images/lots/2689/9363~1/0026_XUyVHQ_lg.jpeg, /images/lots/2689/9363~1/0027_wsiuax_lg.jpeg, /images/lots/2689/9363~1/0028_jRwoqb_lg.jpeg, /images/lots/2689/9363~1/0029_eBcuYq_lg.jpeg, /images/lots/2689/9363~1/0030_xyviEK_lg.jpeg",,
2012 BMW 320D EFFICIENTDYNAMICS,50DK,2012,1995cc,Diesel,121k miles,YE12CKV,109,Grey,Jan 26,4DR,Manual,4,"['One service invoice dated July 2023 at 113,206 miles. Rear brake discs and pads replaced December 2024 at 116,339 miles']","/images/lots/2689/9362~1/0007_oOwQSb_lg.jpeg, /images/lots/2689/9362~1/0008_QXgyZS_lg.jpeg, /images/lots/2689/9362~1/0009_JkeVIG_lg.jpeg, /images/lots/2689/9362~1/0010_VyRrVW_lg.jpeg, /images/lots/2689/9362~1/0011_mMIEFE_lg.jpeg, /images/lots/2689/9362~1/0012_BpPAbj_lg.jpeg, /images/lots/2689/9362~1/0013_sWoopt_lg.jpeg, /images/lots/2689/9362~1/0014_zcsAeG_lg.jpeg, /images/lots/2689/9362~1/0015_fklJHU_lg.jpeg, /images/lots/2689/9362~1/0016_ralCiT_lg.jpeg, /images/lots/2689/9362~1/0017_mCJiGR_lg.jpeg, /images/lots/2689/9362~1/0018_FnCIYD_lg.jpeg, /images/lots/2689/9362~1/0019_NtDJYc_lg.jpeg, /images/lots/2689/9362~1/0020_bcrcdG_lg.jpeg, /images/lots/2689/9362~1/0021_xTxqPn_lg.jpeg, /images/lots/2689/9362~1/0022_CIbuNQ_lg.jpeg, /images/lots/2689/9362~1/0023_KGWgxF_lg.jpeg, /images/lots/2689/9362~1/0024_kGWFap_lg.jpeg, /images/lots/2689/9362~1/0025_LfTunl_lg.jpeg, /images/lots/2689/9362~1/0026_uLYaWW_lg.jpeg, /images/lots/2689/9362~1/0027_MXfJxt_lg.jpeg, /images/lots/2689/9362~1/0028_wxBKeK_lg.jpeg, /images/lots/2689/9362~1/0029_kPMNVI_lg.jpeg, /images/lots/2689/9362~1/0030_YZyYdk_lg.jpeg",,
2016 VAUXHALL INSIGNIA TECHLINE CDTI EC,51DK,2016,1598cc,Diesel,41k miles,DY16FWW,104,Silver,Jan 26,Estate,Manual,3,"['Two service invoices with teh last dated March 2024 at 35,400 miles']","/images/lots/2689/9364~1/0007_OjBkXq_lg.jpeg, /images/lots/2689/9364~1/0008_uVAwdA_lg.jpeg, /images/lots/2689/9364~1/0009_kHlUlU_lg.jpeg, /images/lots/2689/9364~1/0010_OVPwQa_lg.jpeg, /images/lots/2689/9364~1/0011_BKGpwd_lg.jpeg, /images/lots/2689/9364~1/0012_qxqmXz_lg.jpeg, /images/lots/2689/9364~1/0013_YqciIP_lg.jpeg, /images/lots/2689/9364~1/0014_msMqnD_lg.jpeg, /images/lots/2689/9364~1/0015_vcTQOV_lg.jpeg, /images/lots/2689/9364~1/0016_AoETWR_lg.jpeg, /images/lots/2689/9364~1/0017_CJmajA_lg.jpeg, /images/lots/2689/9364~1/0018_DzdvLa_lg.jpeg, /images/lots/2689/9364~1/0019_LVryNc_lg.jpeg, /images/lots/2689/9364~1/0020_jLxQBZ_lg.jpeg, /images/lots/2689/9364~1/0021_SRLcIQ_lg.jpeg, /images/lots/2689/9364~1/0022_KfZaQX_lg.jpeg, /images/lots/2689/9364~1/0023_iHZoKS_lg.jpeg, /images/lots/2689/9364~1/0024_PGDDTg_lg.jpeg, /images/lots/2689/9364~1/0025_vZABNQ_lg.jpeg, /images/lots/2689/9364~1/0026_dtcXxU_lg.jpeg, /images/lots/2689/9364~1/0027_aNvvYm_lg.jpeg, /images/lots/2689/9364~1/0028_nMYegZ_lg.jpeg, /images/lots/2689/9364~1/0029_IxtsWN_lg.jpeg, /images/lots/2689/9364~1/0030_UvBEMx_lg.jpeg",,
2014 HYUNDAI SANTA FE PREMIUM SE CRDI,52DK,2014,2199cc,Diesel,95k miles,KS64FUY,178,White,Sep 25,Estate,Auto,3,na,"/images/lots/2689/9364~2/0007_GYUrqH_lg.jpeg, /images/lots/2689/9364~2/0008_QilYBK_lg.jpeg, /images/lots/2689/9364~2/0009_vUqOLw_lg.jpeg, /images/lots/2689/9364~2/0010_hJdEBZ_lg.jpeg, /images/lots/2689/9364~2/0011_nQohgq_lg.jpeg, /images/lots/2689/9364~2/0012_kFgLNi_lg.jpeg, /images/lots/2689/9364~2/0013_NCHQtB_lg.jpeg, /images/lots/2689/9364~2/0014_kltzZe_lg.jpeg, /images/lots/2689/9364~2/0015_aHtKyr_lg.jpeg, /images/lots/2689/9364~2/0016_YJdVDt_lg.jpeg, /images/lots/2689/9364~2/0017_XYSBUk_lg.jpeg, /images/lots/2689/9364~2/0018_EnRzux_lg.jpeg, /images/lots/2689/9364~2/0019_jTFjtO_lg.jpeg, /images/lots/2689/9364~2/0020_vpJowL_lg.jpeg, /images/lots/2689/9364~2/0021_rBekKE_lg.jpeg, /images/lots/2689/9364~2/0022_lAxumu_lg.jpeg, /images/lots/2689/9364~2/0023_uFfHbH_lg.jpeg, /images/lots/2689/9364~2/0024_ksoxYe_lg.jpeg, /images/lots/2689/9364~2/0025_koiEbf_lg.jpeg, /images/lots/2689/9364~2/0026_aZhkSw_lg.jpeg, /images/lots/2689/9364~2/0027_AvaPwz_lg.jpeg, /images/lots/2689/9364~2/0028_ItfIwz_lg.jpeg, /images/lots/2689/9364~2/0029_NNCFKd_lg.jpeg, /images/lots/2689/9364~2/0030_AYShbN_lg.jpeg",,
,,,,,,,,,,,,,,,,
